MLS ,MLSID,GEOID
ACTRIS/ABOR,a0M1500000UR3OW,48021
ACTRIS/ABOR,a0M1500000UR3OW, 48031
ACTRIS/ABOR,a0M1500000UR3OW, 48053
ACTRIS/ABOR,a0M1500000UR3OW, 48453
AKMLS,a0M1500000UR3OX,02122
AKMLS,a0M1500000UR3OX,02170
AlaMLS,a0M1500000URAeb,01001
AlaMLS,a0M1500000URAeb, 01007
AlaMLS,a0M1500000URAeb, 01011
AlaMLS,a0M1500000URAeb, 01013
AlaMLS,a0M1500000URAeb, 01021
AlaMLS,a0M1500000URAeb, 01037
AlaMLS,a0M1500000URAeb, 01047
AlaMLS,a0M1500000URAeb, 01051
AlaMLS,a0M1500000URAeb, 01065
AlaMLS,a0M1500000URAeb, 01081
AlaMLS,a0M1500000URAeb, 01085
AlaMLS,a0M1500000URAeb, 01087
AlaMLS,a0M1500000URAeb, 01101
AlaMLS,a0M1500000URAeb, 01105
AlaMLS,a0M1500000URAeb, 01109
ARMLS,a0M1500000UR3Ob,04013
ARMLS,a0M1500000UR3Ob, 04021
BAREIS,a0M1500000UR3Oe,06041
BAREIS,a0M1500000UR3Oe, 06045
BAREIS,a0M1500000UR3Oe, 06055
BAREIS,a0M1500000UR3Oe, 06095
BAREIS,a0M1500000UR3Oe, 06097
BeachesMLS,a0M1500000UR3Oh,12021
Bright MLS,a0M1500000UdTEt,10001
Bright MLS,a0M1500000UdTEt, 10003
Bright MLS,a0M1500000UdTEt, 10005
Bright MLS,a0M1500000UdTEt, 24001
Bright MLS,a0M1500000UdTEt, 24003
Bright MLS,a0M1500000UdTEt, 24005
Bright MLS,a0M1500000UdTEt, 24009
Bright MLS,a0M1500000UdTEt, 24011
Bright MLS,a0M1500000UdTEt, 24013
Bright MLS,a0M1500000UdTEt, 24015
Bright MLS,a0M1500000UdTEt, 24017
Bright MLS,a0M1500000UdTEt, 24019
Bright MLS,a0M1500000UdTEt, 24021
Bright MLS,a0M1500000UdTEt, 24023
Bright MLS,a0M1500000UdTEt, 24025
Bright MLS,a0M1500000UdTEt,24045
Bright MLS,a0M1500000UdTEt,34005
Bright MLS,a0M1500000UdTEt,34011
Bright MLS,a0M1500000UdTEt,34007
Bright MLS,a0M1500000UdTEt,24047
Bright MLS,a0M1500000UdTEt,24043
Bright MLS,a0M1500000UdTEt,34015
Bright MLS,a0M1500000UdTEt,24027
Bright MLS,a0M1500000UdTEt,24029
Bright MLS,a0M1500000UdTEt,34019
Bright MLS,a0M1500000UdTEt,34021
Bright MLS,a0M1500000UdTEt,24041
Bright MLS,a0M1500000UdTEt,34029
Bright MLS,a0M1500000UdTEt,24031
Bright MLS,a0M1500000UdTEt,42017
Bright MLS,a0M1500000UdTEt,42011
Bright MLS,a0M1500000UdTEt,51069
Bright MLS,a0M1500000UdTEt,42101
Bright MLS,a0M1500000UdTEt,51061
Bright MLS,a0M1500000UdTEt,51059
Bright MLS,a0M1500000UdTEt,51047
Bright MLS,a0M1500000UdTEt,51113
Bright MLS,a0M1500000UdTEt,51043
Bright MLS,a0M1500000UdTEt,51107
Bright MLS,a0M1500000UdTEt,51099
Bright MLS,a0M1500000UdTEt,51033
Bright MLS,a0M1500000UdTEt,51013
Bright MLS,a0M1500000UdTEt,51139
Bright MLS,a0M1500000UdTEt,42133
Bright MLS,a0M1500000UdTEt,42107
Bright MLS,a0M1500000UdTEt,42099
Bright MLS,a0M1500000UdTEt,51153
Bright MLS,a0M1500000UdTEt,42091
Bright MLS,a0M1500000UdTEt,51157
Bright MLS,a0M1500000UdTEt,54071
Bright MLS,a0M1500000UdTEt,54065
Bright MLS,a0M1500000UdTEt,54057
Bright MLS,a0M1500000UdTEt,54037
Bright MLS,a0M1500000UdTEt,54031
Bright MLS,a0M1500000UdTEt,54027
Bright MLS,a0M1500000UdTEt,54023
Bright MLS,a0M1500000UdTEt,54003
Bright MLS,a0M1500000UdTEt,51187
Bright MLS,a0M1500000UdTEt,51179
Bright MLS,a0M1500000UdTEt,51171
Bright MLS,a0M1500000UdTEt,42057
Bright MLS,a0M1500000UdTEt,51137
Bright MLS,a0M1500000UdTEt,51177
Bright MLS,a0M1500000UdTEt,42075
Bright MLS,a0M1500000UdTEt,42071
Bright MLS,a0M1500000UdTEt,42055
Bright MLS,a0M1500000UdTEt,42045
Bright MLS,a0M1500000UdTEt,42043
Bright MLS,a0M1500000UdTEt,42041
Bright MLS,a0M1500000UdTEt,42001
Bright MLS,a0M1500000UdTEt,34033
Bright MLS,a0M1500000UdTEt,42029
Bright MLS,a0M1500000UdTEt,34035
Bright MLS,a0M1500000UdTEt,24039
CATRS,a0M1500000UR3Os,12039
CATRS,a0M1500000UR3Os, 12063
CATRS,a0M1500000UR3Os, 12073
CATRS,a0M1500000UR3Os, 12123
CATRS,a0M1500000UR3Os, 12129
CCAR,a0M1500000UR3OW,06001
CCAR,a0M1500000UR3OW, 06013
CincyMLS,a0M1500000UR3P3,39001
CincyMLS,a0M1500000UR3P4, 39015
CincyMLS,a0M1500000UR3P5, 39017
CincyMLS,a0M1500000UR3P6, 39025
CincyMLS,a0M1500000UR3P7, 39027
CincyMLS,a0M1500000UR3P8, 39061
CincyMLS,a0M1500000UR3P9, 39071
CincyMLS,a0M1500000UR3P10, 39165
CMMLS,a0M1C00000h1Nax,28007
CMMLS,a0M1C00000h1Nax, 28029
CMMLS,a0M1C00000h1Nax, 28049
CMMLS,a0M1C00000h1Nax, 28051
CMMLS,a0M1C00000h1Nax, 28079
CMMLS,a0M1C00000h1Nax, 28089
CMMLS,a0M1C00000h1Nax, 28121
CMMLS,a0M1C00000h1Nax, 28123
CMMLS,a0M1C00000h1Nax, 28127
CMMLS,a0M1C00000h1Nax, 28163
Columbus Realtors,a0M1500000UR3Ov,39041
Columbus Realtors,a0M1500000UR3Ov, 39047
Columbus Realtors,a0M1500000UR3Ov, 39049
Columbus Realtors,a0M1500000UR3Ov, 39089
Columbus Realtors,a0M1500000UR3Ov, 39097
Columbus Realtors,a0M1500000UR3Ov, 39117
Columbus Realtors,a0M1500000UR3Ov, 39129
Columbus Realtors,a0M1500000UR3Ov, 39159
CREN MLS,a0M1500000UR3PB,08007
CREN MLS,a0M1500000UR3PB, 08029
CREN MLS,a0M1500000UR3PB, 08033
CREN MLS,a0M1500000UR3PB, 08051
CREN MLS,a0M1500000UR3PB, 08053
CREN MLS,a0M1500000UR3PB, 08067
CREN MLS,a0M1500000UR3PB, 08083
CREN MLS,a0M1500000UR3PB, 08085
CREN MLS,a0M1500000UR3PB, 08091
CREN MLS,a0M1500000UR3PB, 08111
CREN MLS,a0M1500000UR3PB, 08113
CRMLS,a0M1500000UR38u,06007
CRMLS,a0M1500000UR38u, 06011
CRMLS,a0M1500000UR38u, 06021
CRMLS,a0M1500000UR38u, 06033
CRMLS,a0M1500000UR38u, 06037
CRMLS,a0M1500000UR38u, 06047
CRMLS,a0M1500000UR38u, 06059
CRMLS,a0M1500000UR38u, 06065
CRMLS,a0M1500000UR38u, 06071
CRMLS,a0M1500000UR38u, 06079
CTXMLS,a0M1C00000g2Jx6,48007
CTXMLS,a0M1C00000g2Jx7, 48027
CTXMLS,a0M1C00000g2Jx8, 48055
CTXMLS,a0M1C00000g2Jx9, 48091
CTXMLS,a0M1C00000g2Jx10, 48099
CTXMLS,a0M1C00000g2Jx11, 48175
CTXMLS,a0M1C00000g2Jx12, 48177
CTXMLS,a0M1C00000g2Jx13, 48187
CTXMLS,a0M1C00000g2Jx14, 48209
CTXMLS,a0M1C00000g2Jx15, 48281
CTXMLS,a0M1C00000g2Jx16, 48285
CTXMLS,a0M1C00000g2Jx17, 48391
CTXMLS,a0M1C00000g2Jx18, 48469
CTXMLS,a0M1C00000g2Jx19, 48491
CVRMLS,a0M1500000UR3PG,51036
CVRMLS,a0M1500000UR3PG, 51041
CVRMLS,a0M1500000UR3PG, 51053
CVRMLS,a0M1500000UR3PG, 51075
CVRMLS,a0M1500000UR3PG, 51081
CVRMLS,a0M1500000UR3PG, 51085
CVRMLS,a0M1500000UR3PG, 51087
CVRMLS,a0M1500000UR3PG, 51101
CVRMLS,a0M1500000UR3PG, 51127
CVRMLS,a0M1500000UR3PG, 51145
CVRMLS,a0M1500000UR3PG, 51149
CVRMLS,a0M1500000UR3PG, 51181
CVRMLS,a0M1500000UR3PG, 51183
CVRMLS,a0M1500000UR3PG, 51159
FMLS,a0M1500000UR3Pb,13013
FMLS,a0M1500000UR3Pb, 13015
FMLS,a0M1500000UR3Pb, 13055
FMLS,a0M1500000UR3Pb, 13057
FMLS,a0M1500000UR3Pb, 13067
FMLS,a0M1500000UR3Pb, 13085
FMLS,a0M1500000UR3Pb, 13097
FMLS,a0M1500000UR3Pb, 13115
FMLS,a0M1500000UR3Pb, 13117
FMLS,a0M1500000UR3Pb, 13121
FMLS,a0M1500000UR3Pb, 13129
FMLS,a0M1500000UR3Pb, 13135
FMLS,a0M1500000UR3Pb, 13139
FMLS,a0M1500000UR3Pb, 13143
FMLS,a0M1500000UR3Pb, 13157
FMLS,a0M1500000UR3Pb,13297
FMLS,a0M1500000UR3Pb,13247
FMLS,a0M1500000UR3Pb,13187
FMLS,a0M1500000UR3Pb,13217
FMLS,a0M1500000UR3Pb,13233
FMLS,a0M1500000UR3Pb,13223
FMLS,a0M1500000UR3Pb,13227
GAAR (SWMLS),a0M1500000UR3Pf,35001
GAAR (SWMLS),a0M1500000UR3Pf, 35043
GAAR (SWMLS),a0M1500000UR3Pf, 35049
GAAR (SWMLS),a0M1500000UR3Pf, 35053
GAAR (SWMLS),a0M1500000UR3Pf, 35057
GAAR (SWMLS),a0M1500000UR3Pf, 35061
GALMLS,a0M1500000dlzgg,01009
GALMLS,a0M1500000dlzgg, 01015
GALMLS,a0M1500000dlzgg, 01073
GALMLS,a0M1500000dlzgg, 01117
GALMLS,a0M1500000dlzgg, 01121
GAMLS,a0M1500000UR3Ph,13035
GAMLS,a0M1500000UR3Ph, 13045
GAMLS,a0M1500000UR3Ph, 13063
GAMLS,a0M1500000UR3Ph, 13077
GAMLS,a0M1500000UR3Ph, 13113
GAMLS,a0M1500000UR3Ph, 13149
GAMLS,a0M1500000UR3Ph, 13151
GAMLS,a0M1500000UR3Ph, 13159
GAMLS,a0M1500000UR3Ph, 13171
GAMLS,a0M1500000UR3Ph, 13199
GAMLS,a0M1500000UR3Ph, 13207
GAMLS,a0M1500000UR3Ph, 13211
GAMLS,a0M1500000UR3Ph, 13231
GAMLS,a0M1500000UR3Ph, 13255
GBRMLS,a0M1500000dlzef,22005
GBRMLS,a0M1500000dlzef, 22033
GBRMLS,a0M1500000dlzef, 22037
GBRMLS,a0M1500000dlzef, 22047
GBRMLS,a0M1500000dlzef, 22063
GBRMLS,a0M1500000dlzef, 22077
GBRMLS,a0M1500000dlzef, 22121
GBRMLS,a0M1500000dlzef, 22125
GCAR MLS,a0M1500000UR3P1,47065
GCAR MLS,a0M1500000UR3P2, 47153
GLVAR,a0M1500000UR3Pw,32003
GLVAR,a0M1500000UR3Pw, 32023
GSMLS,a0M1500000UR3Pi,34003
GSMLS,a0M1500000UR3Pi, 34013
GSMLS,a0M1500000UR3Pi, 34017
GSMLS,a0M1500000UR3Pi, 34023
GSMLS,a0M1500000UR3Pi, 34027
GSMLS,a0M1500000UR3Pi, 34031
GSMLS,a0M1500000UR3Pi, 34037
GSMLS,a0M1500000UR3Pi, 34039
GSMLS,a0M1500000UR3Pi, 34041
GSREIN MLS,a0M1500000UR3Q6,22051
GSREIN MLS,a0M1500000UR3Q7, 22071
GSREIN MLS,a0M1500000UR3Q8, 22075
GSREIN MLS,a0M1500000UR3Q9, 22105
GSREIN MLS,a0M1500000UR3Q10, 22117
HAR-MLS,a0M1500000UR3Q8,48015
HAR-MLS,a0M1500000UR3Q9, 48039
HAR-MLS,a0M1500000UR3Q10, 48071
HAR-MLS,a0M1500000UR3Q11, 48157
HAR-MLS,a0M1500000UR3Q12, 48167
HAR-MLS,a0M1500000UR3Q13, 48201
HAR-MLS,a0M1500000UR3Q14, 48291
HAR-MLS,a0M1500000UR3Q15, 48339
HAR-MLS,a0M1500000UR3Q16, 48471
HAR-MLS,a0M1500000UR3Q17, 48473
Heartland,a0M1500000UR3QB,20005
Heartland,a0M1500000UR3QB, 20059
Heartland,a0M1500000UR3QB, 20091
Heartland,a0M1500000UR3QB, 20103
Heartland,a0M1500000UR3QB, 20107
Heartland,a0M1500000UR3QB, 20121
Heartland,a0M1500000UR3QB, 20209
Heartland,a0M1500000UR3QB, 29003
Heartland,a0M1500000UR3QB, 29005
Heartland,a0M1500000UR3QB, 29021
Heartland,a0M1500000UR3QB, 29025
Heartland,a0M1500000UR3QB, 29037
Heartland,a0M1500000UR3QB, 29047
Heartland,a0M1500000UR3QB, 29049
Heartland,a0M1500000UR3QB, 29061
Heartland,a0M1500000UR3QB,29165
Heartland,a0M1500000UR3QB,29227
Heartland,a0M1500000UR3QB,29177
Heartland,a0M1500000UR3QB,29147
Heartland,a0M1500000UR3QB,29075
Heartland,a0M1500000UR3QB,29081
Heartland,a0M1500000UR3QB,29107
Heartland,a0M1500000UR3QB,29087
Heartland,a0M1500000UR3QB,29095
IMLS,a0M1500000UR3QI,16001
IMLS,a0M1500000UR3QI, 16003
IMLS,a0M1500000UR3QI, 16015
IMLS,a0M1500000UR3QI, 16025
IMLS,a0M1500000UR3QI, 16027
IMLS,a0M1500000UR3QI, 16039
IMLS,a0M1500000UR3QI, 16045
IMLS,a0M1500000UR3QI, 16047
IMLS,a0M1500000UR3QI, 16053
IMLS,a0M1500000UR3QI, 16057
IMLS,a0M1500000UR3QI, 16063
IMLS,a0M1500000UR3QI, 16069
IMLS,a0M1500000UR3QI, 16075
IMLS,a0M1500000UR3QI, 16083
IMLS,a0M1500000UR3QI, 16085
IMLS,a0M1500000UR3QI,16087
IMLS,a0M1500000UR3QI,41045
IMLS,a0M1500000UR3QI,53003
IRES,a0M1500000UR3QK,08013
IRES,a0M1500000UR3QK, 08069
IRES,a0M1500000UR3QK, 08075
IRES,a0M1500000UR3QK, 08087
IRES,a0M1500000UR3QK, 08123
MAAR-MLS,a0M1500000UR3Qh,05035
MAAR-MLS,a0M1500000UR3Qh, 47047
MAAR-MLS,a0M1500000UR3Qh, 47069
MAAR-MLS,a0M1500000UR3Qh, 47071
MAAR-MLS,a0M1500000UR3Qh, 47097
MAAR-MLS,a0M1500000UR3Qh, 47109
MAAR-MLS,a0M1500000UR3Qh, 47157
MAAR-MLS,a0M1500000UR3Qh, 47167
MARIS,a0M1500000UR3Qj,17005
MARIS,a0M1500000UR3Qj, 17021
MARIS,a0M1500000UR3Qj, 17027
MARIS,a0M1500000UR3Qj, 17051
MARIS,a0M1500000UR3Qj, 17061
MARIS,a0M1500000UR3Qj, 17083
MARIS,a0M1500000UR3Qj, 17117
MARIS,a0M1500000UR3Qj, 17119
MARIS,a0M1500000UR3Qj, 17121
MARIS,a0M1500000UR3Qj, 17133
MARIS,a0M1500000UR3Qj, 17135
MARIS,a0M1500000UR3Qj, 17157
MARIS,a0M1500000UR3Qj, 17189
MARIS,a0M1500000UR3Qj, 29007
MARIS,a0M1500000UR3Qj, 29017
MARIS,a0M1500000UR3Qj,29051
MARIS,a0M1500000UR3Qj,29065
MARIS,a0M1500000UR3Qj,29073
MARIS,a0M1500000UR3Qj,29071
MARIS,a0M1500000UR3Qj,29055
MARIS,a0M1500000UR3Qj,29035
MARIS,a0M1500000UR3Qj,29093
MARIS,a0M1500000UR3Qj,29019
MARIS,a0M1500000UR3Qj,29023
MARIS,a0M1500000UR3Qj,29099
MARIS,a0M1500000UR3Qj,29105
MARIS,a0M1500000UR3Qj,29031
MARIS,a0M1500000UR3Qj,29113
MARIS,a0M1500000UR3Qj,29027
MARIS,a0M1500000UR3Qj,29137
MARIS,a0M1500000UR3Qj,29135
MARIS,a0M1500000UR3Qj,29203
MARIS,a0M1500000UR3Qj,29229
MARIS,a0M1500000UR3Qj,29225
MARIS,a0M1500000UR3Qj,29223
MARIS,a0M1500000UR3Qj,29221
MARIS,a0M1500000UR3Qj,29219
MARIS,a0M1500000UR3Qj,29215
MARIS,a0M1500000UR3Qj,29207
MARIS,a0M1500000UR3Qj,29201
MARIS,a0M1500000UR3Qj,29186
MARIS,a0M1500000UR3Qj,29169
MARIS,a0M1500000UR3Qj,29181
MARIS,a0M1500000UR3Qj,29179
MARIS,a0M1500000UR3Qj,29163
MARIS,a0M1500000UR3Qj,29161
MARIS,a0M1500000UR3Qj,29157
MARIS,a0M1500000UR3Qj,29151
MARIS,a0M1500000UR3Qj,29131
MARIS,a0M1500000UR3Qj,29125
MARIS,a0M1500000UR3Qj,29139
MARIS,a0M1500000UR3Qj,29127
MARIS,a0M1500000UR3Qj,29029
MetroList,a0M1500000UR3Qn,06005
MetroList,a0M1500000UR3Qn, 06017
MetroList,a0M1500000UR3Qn, 06057
MetroList,a0M1500000UR3Qn, 06061
MetroList,a0M1500000UR3Qn, 06067
MetroList,a0M1500000UR3Qn, 06077
MetroList,a0M1500000UR3Qn, 06099
MetroList,a0M1500000UR3Qn, 06113
MIBOR,a0M1500000UR3Qr,18011
MIBOR,a0M1500000UR3Qr, 18013
MIBOR,a0M1500000UR3Qr, 18031
MIBOR,a0M1500000UR3Qr, 18057
MIBOR,a0M1500000UR3Qr, 18059
MIBOR,a0M1500000UR3Qr, 18063
MIBOR,a0M1500000UR3Qr, 18081
MIBOR,a0M1500000UR3Qr, 18095
MIBOR,a0M1500000UR3Qr, 18097
MIBOR,a0M1500000UR3Qr, 18107
MIBOR,a0M1500000UR3Qr, 18109
MIBOR,a0M1500000UR3Qr, 18145
MLSLI/OneKey,a0M1500000UR3Qw,36005
MLSLI/OneKey,a0M1500000UR3Qw, 36027
MLSLI/OneKey,a0M1500000UR3Qw, 36047
MLSLI/OneKey,a0M1500000UR3Qw, 36059
MLSLI/OneKey,a0M1500000UR3Qw, 36061
MLSLI/OneKey,a0M1500000UR3Qw, 36071
MLSLI/OneKey,a0M1500000UR3Qw, 36079
MLSLI/OneKey,a0M1500000UR3Qw, 36081
MLSLI/OneKey,a0M1500000UR3Qw, 36085
MLSLI/OneKey,a0M1500000UR3Qw, 36087
MLSLI/OneKey,a0M1500000UR3Qw, 36103
MLSLI/OneKey,a0M1500000UR3Qw, 36105
MLSLI/OneKey,a0M1500000UR3Qw, 36111
MLSLI/OneKey,a0M1500000UR3Qw, 36119
MLSListings,a0M1500000UR3Qx,06053
MLSListings,a0M1500000UR3Qx, 06069
MLSListings,a0M1500000UR3Qx, 06081
MLSListings,a0M1500000UR3Qx, 06085
MLSListings,a0M1500000UR3Qx, 06087
MLSOK,a0M1500000UR3RW,40011
MLSOK,a0M1500000UR3RW, 40015
MLSOK,a0M1500000UR3RW, 40017
MLSOK,a0M1500000UR3RW, 40027
MLSOK,a0M1500000UR3RW, 40051
MLSOK,a0M1500000UR3RW, 40073
MLSOK,a0M1500000UR3RW, 40081
MLSOK,a0M1500000UR3RW, 40083
MLSOK,a0M1500000UR3RW, 40087
MLSOK,a0M1500000UR3RW, 40109
MLSOK,a0M1500000UR3RW, 40125
MLSOK,a0M1500000UR3RW, 40133
MLS-PIN,a0M1500000UR3Qu,25025
MLSSAZ,a0M1500000UR3SE,04003
MLSSAZ,a0M1500000UR3SE, 04019
MLSSAZ,a0M1500000UR3SE, 04023
MRED,a0M1500000UR3R3,17007
MRED,a0M1500000UR3R4, 17011
MRED,a0M1500000UR3R5, 17019
MRED,a0M1500000UR3R6, 17031
MRED,a0M1500000UR3R7, 17053
MRED,a0M1500000UR3R8, 17063
MRED,a0M1500000UR3R9, 17075
MRED,a0M1500000UR3R10, 17089
MRED,a0M1500000UR3R11, 17091
MRED,a0M1500000UR3R12, 17093
MRED,a0M1500000UR3R13, 17097
MRED,a0M1500000UR3R14, 17103
MRED,a0M1500000UR3R15, 17111
MRED,a0M1500000UR3R16, 17147
MRED,a0M1500000UR3R17, 17155
MRED,a0M1500000UR3R18,17195
MRED,a0M1500000UR3R19,17197
MTRMLS,a0M1500000UR3R7,47003
MTRMLS,a0M1500000UR3R8, 47015
MTRMLS,a0M1500000UR3R9, 47021
MTRMLS,a0M1500000UR3R10, 47031
MTRMLS,a0M1500000UR3R11, 47035
MTRMLS,a0M1500000UR3R12, 47037
MTRMLS,a0M1500000UR3R13, 47043
MTRMLS,a0M1500000UR3R14, 47051
MTRMLS,a0M1500000UR3R15, 47055
MTRMLS,a0M1500000UR3R16, 47061
MTRMLS,a0M1500000UR3R17, 47081
MTRMLS,a0M1500000UR3R18, 47099
MTRMLS,a0M1500000UR3R19, 47101
MTRMLS,a0M1500000UR3R20, 47103
MTRMLS,a0M1500000UR3R21, 47117
MTRMLS,a0M1500000UR3R22,47165
MTRMLS,a0M1500000UR3R23,47177
MTRMLS,a0M1500000UR3R24,47185
MTRMLS,a0M1500000UR3R25,47181
MTRMLS,a0M1500000UR3R26,47175
MTRMLS,a0M1500000UR3R27,47149
MTRMLS,a0M1500000UR3R28,47187
MTRMLS,a0M1500000UR3R29,47119
MTRMLS,a0M1500000UR3R30,47125
MTRMLS,a0M1500000UR3R31,47189
MTRMLS,a0M1500000UR3R32,47147
MTRMLS,a0M1500000UR3R33,47127
MTRMLS,a0M1500000UR3R34,47141
NEFMLS,a0M1500000UR3RC,12003
NEFMLS,a0M1500000UR3RC, 12019
NEFMLS,a0M1500000UR3RC, 12031
NEFMLS,a0M1500000UR3RC, 12107
NEREN,a0M1500000UR3RJ,23001
NEREN,a0M1500000UR3RJ, 23003
NEREN,a0M1500000UR3RJ, 23005
NEREN,a0M1500000UR3RJ, 23007
NEREN,a0M1500000UR3RJ, 23009
NEREN,a0M1500000UR3RJ, 23011
NEREN,a0M1500000UR3RJ, 23013
NEREN,a0M1500000UR3RJ, 23015
NEREN,a0M1500000UR3RJ, 23017
NEREN,a0M1500000UR3RJ, 23019
NEREN,a0M1500000UR3RJ, 23021
NEREN,a0M1500000UR3RJ, 23023
NEREN,a0M1500000UR3RJ, 23025
NEREN,a0M1500000UR3RJ, 23027
NEREN,a0M1500000UR3RJ, 23029
NEREN,a0M1500000UR3RJ,33011
NEREN,a0M1500000UR3RJ,33015
NEREN,a0M1500000UR3RJ,33019
NEREN,a0M1500000UR3RJ,33017
NEREN,a0M1500000UR3RJ,33013
NEREN,a0M1500000UR3RJ,33009
NEREN,a0M1500000UR3RJ,50001
NEREN,a0M1500000UR3RJ,23031
NEREN,a0M1500000UR3RJ,33001
NEREN,a0M1500000UR3RJ,50003
NEREN,a0M1500000UR3RJ,50005
NEREN,a0M1500000UR3RJ,33007
NEREN,a0M1500000UR3RJ,50007
NEREN,a0M1500000UR3RJ,33003
NEREN,a0M1500000UR3RJ,50017
NEREN,a0M1500000UR3RJ,50015
NEREN,a0M1500000UR3RJ,50027
NEREN,a0M1500000UR3RJ,50025
NEREN,a0M1500000UR3RJ,50023
NEREN,a0M1500000UR3RJ,50021
NEREN,a0M1500000UR3RJ,50013
NEREN,a0M1500000UR3RJ,50009
NEREN,a0M1500000UR3RJ,50019
NEREN,a0M1500000UR3RJ,50011
NEREN,a0M1500000UR3RJ,33005
NKMLS,a0M1500000UR3RG,21015
NKMLS,a0M1500000UR3RG, 21023
NKMLS,a0M1500000UR3RG, 21037
NKMLS,a0M1500000UR3RG, 21069
NKMLS,a0M1500000UR3RG, 21077
NKMLS,a0M1500000UR3RG, 21081
NKMLS,a0M1500000UR3RG, 21117
NKMLS,a0M1500000UR3RG, 21135
NKMLS,a0M1500000UR3RG, 21161
NKMLS,a0M1500000UR3RG, 21187
NKMLS,a0M1500000UR3RG, 21191
NKMLS,a0M1500000UR3RG, 21201
NNRMLS,a0M1500000UR3RK,32001
NNRMLS,a0M1500000UR3RK, 32005
NNRMLS,a0M1500000UR3RK, 32019
NNRMLS,a0M1500000UR3RK, 32029
NNRMLS,a0M1500000UR3RK, 32031
NorthstarMLS,a0M1500000UR3RN,27001
NorthstarMLS,a0M1500000UR3RN, 27003
NorthstarMLS,a0M1500000UR3RN, 27011
NorthstarMLS,a0M1500000UR3RN, 27015
NorthstarMLS,a0M1500000UR3RN, 27019
NorthstarMLS,a0M1500000UR3RN, 27021
NorthstarMLS,a0M1500000UR3RN, 27023
NorthstarMLS,a0M1500000UR3RN, 27025
NorthstarMLS,a0M1500000UR3RN, 27033
NorthstarMLS,a0M1500000UR3RN, 27035
NorthstarMLS,a0M1500000UR3RN, 27037
NorthstarMLS,a0M1500000UR3RN, 27039
NorthstarMLS,a0M1500000UR3RN, 27041
NorthstarMLS,a0M1500000UR3RN, 27045
NorthstarMLS,a0M1500000UR3RN, 27047
NorthstarMLS,a0M1500000UR3RN,27063
NorthstarMLS,a0M1500000UR3RN,27067
NorthstarMLS,a0M1500000UR3RN,27081
NorthstarMLS,a0M1500000UR3RN,27073
NorthstarMLS,a0M1500000UR3RN,27065
NorthstarMLS,a0M1500000UR3RN,27061
NorthstarMLS,a0M1500000UR3RN,27083
NorthstarMLS,a0M1500000UR3RN,27049
NorthstarMLS,a0M1500000UR3RN,27053
NorthstarMLS,a0M1500000UR3RN,27091
NorthstarMLS,a0M1500000UR3RN,27093
NorthstarMLS,a0M1500000UR3RN,27059
NorthstarMLS,a0M1500000UR3RN,27095
NorthstarMLS,a0M1500000UR3RN,27055
NorthstarMLS,a0M1500000UR3RN,27109
NorthstarMLS,a0M1500000UR3RN,27105
NorthstarMLS,a0M1500000UR3RN,27165
NorthstarMLS,a0M1500000UR3RN,27145
NorthstarMLS,a0M1500000UR3RN,27163
NorthstarMLS,a0M1500000UR3RN,27161
NorthstarMLS,a0M1500000UR3RN,27159
NorthstarMLS,a0M1500000UR3RN,27173
NorthstarMLS,a0M1500000UR3RN,27157
NorthstarMLS,a0M1500000UR3RN,27171
NorthstarMLS,a0M1500000UR3RN,27169
NorthstarMLS,a0M1500000UR3RN,27153
NorthstarMLS,a0M1500000UR3RN,27151
NorthstarMLS,a0M1500000UR3RN,27149
NorthstarMLS,a0M1500000UR3RN,27147
NorthstarMLS,a0M1500000UR3RN,27141
NorthstarMLS,a0M1500000UR3RN,27139
NorthstarMLS,a0M1500000UR3RN,27129
NorthstarMLS,a0M1500000UR3RN,27133
NorthstarMLS,a0M1500000UR3RN,27131
NorthstarMLS,a0M1500000UR3RN,27127
NorthstarMLS,a0M1500000UR3RN,27123
NorthstarMLS,a0M1500000UR3RN,27121
NorthstarMLS,a0M1500000UR3RN,27117
NorthstarMLS,a0M1500000UR3RN,27101
NorthstarMLS,a0M1500000UR3RN,27097
NorthstarMLS,a0M1500000UR3RN,27115
NorthstarMLS,a0M1500000UR3RN,27099
NorthstarMLS,a0M1500000UR3RN,27057
NTREIS,a0M1500000UR3RP,48001
NTREIS,a0M1500000UR3RP, 48009
NTREIS,a0M1500000UR3RP, 48035
NTREIS,a0M1500000UR3RP, 48049
NTREIS,a0M1500000UR3RP, 48059
NTREIS,a0M1500000UR3RP, 48077
NTREIS,a0M1500000UR3RP, 48083
NTREIS,a0M1500000UR3RP, 48085
NTREIS,a0M1500000UR3RP, 48093
NTREIS,a0M1500000UR3RP, 48097
NTREIS,a0M1500000UR3RP, 48113
NTREIS,a0M1500000UR3RP, 48119
NTREIS,a0M1500000UR3RP, 48121
NTREIS,a0M1500000UR3RP, 48133
NTREIS,a0M1500000UR3RP, 48139
NTREIS,a0M1500000UR3RP,48193
NTREIS,a0M1500000UR3RP,48213
NTREIS,a0M1500000UR3RP,48221
NTREIS,a0M1500000UR3RP,48217
NTREIS,a0M1500000UR3RP,48207
NTREIS,a0M1500000UR3RP,48181
NTREIS,a0M1500000UR3RP,48223
NTREIS,a0M1500000UR3RP,48143
NTREIS,a0M1500000UR3RP,48147
NTREIS,a0M1500000UR3RP,48231
NTREIS,a0M1500000UR3RP,48237
NTREIS,a0M1500000UR3RP,48161
NTREIS,a0M1500000UR3RP,48251
NTREIS,a0M1500000UR3RP,48151
NTREIS,a0M1500000UR3RP,48309
NTREIS,a0M1500000UR3RP,48293
NTREIS,a0M1500000UR3RP,48499
NTREIS,a0M1500000UR3RP,48423
NTREIS,a0M1500000UR3RP,48497
NTREIS,a0M1500000UR3RP,48485
NTREIS,a0M1500000UR3RP,48467
NTREIS,a0M1500000UR3RP,48447
NTREIS,a0M1500000UR3RP,48503
NTREIS,a0M1500000UR3RP,48439
NTREIS,a0M1500000UR3RP,48433
NTREIS,a0M1500000UR3RP,48429
NTREIS,a0M1500000UR3RP,48425
NTREIS,a0M1500000UR3RP,48417
NTREIS,a0M1500000UR3RP,48415
NTREIS,a0M1500000UR3RP,48379
NTREIS,a0M1500000UR3RP,48399
NTREIS,a0M1500000UR3RP,48397
NTREIS,a0M1500000UR3RP,48367
NTREIS,a0M1500000UR3RP,48363
NTREIS,a0M1500000UR3RP,48353
NTREIS,a0M1500000UR3RP,48349
NTREIS,a0M1500000UR3RP,48277
NTREIS,a0M1500000UR3RP,48253
NTREIS,a0M1500000UR3RP,48337
NTREIS,a0M1500000UR3RP,48257
NTREIS,a0M1500000UR3RP,48159
NWLAR MLS,a0M1500000dm0OF,22013
NWLAR MLS,a0M1500000dm0OF, 22015
NWLAR MLS,a0M1500000dm0OF, 22017
NWLAR MLS,a0M1500000dm0OF, 22027
NWLAR MLS,a0M1500000dm0OF, 22031
NWLAR MLS,a0M1500000dm0OF, 22081
NWLAR MLS,a0M1500000dm0OF, 22119
NWMLS,a0M1500000UR3RO,53001
NWMLS,a0M1500000UR3RO, 53007
NWMLS,a0M1500000UR3RO, 53009
NWMLS,a0M1500000UR3RO, 53011
NWMLS,a0M1500000UR3RO, 53015
NWMLS,a0M1500000UR3RO, 53017
NWMLS,a0M1500000UR3RO, 53019
NWMLS,a0M1500000UR3RO, 53025
NWMLS,a0M1500000UR3RO, 53027
NWMLS,a0M1500000UR3RO, 53029
NWMLS,a0M1500000UR3RO, 53031
NWMLS,a0M1500000UR3RO, 53033
NWMLS,a0M1500000UR3RO, 53035
NWMLS,a0M1500000UR3RO, 53037
NWMLS,a0M1500000UR3RO, 53041
NWMLS,a0M1500000UR3RO,53061
NWMLS,a0M1500000UR3RO,53069
NWMLS,a0M1500000UR3RO,53073
NWMLS,a0M1500000UR3RO,53067
NWMLS,a0M1500000UR3RO,53057
NWMLS,a0M1500000UR3RO,53045
NWMLS,a0M1500000UR3RO,53047
NWMLS,a0M1500000UR3RO,53055
NWMLS,a0M1500000UR3RO,53049
NWMLS,a0M1500000UR3RO,53053
RAA MLS,a0M1500000Udtav,22001
RAA MLS,a0M1500000Udtav, 22045
RAA MLS,a0M1500000Udtav, 22055
RAA MLS,a0M1500000Udtav, 22113
REcolorado,a0M1500000UR3Rm,08001
REcolorado,a0M1500000UR3Rm, 08003
REcolorado,a0M1500000UR3Rm, 08005
REcolorado,a0M1500000UR3Rm, 08015
REcolorado,a0M1500000UR3Rm, 08019
REcolorado,a0M1500000UR3Rm, 08021
REcolorado,a0M1500000UR3Rm, 08023
REcolorado,a0M1500000UR3Rm, 08031
REcolorado,a0M1500000UR3Rm, 08035
REcolorado,a0M1500000UR3Rm, 08039
REcolorado,a0M1500000UR3Rm, 08047
REcolorado,a0M1500000UR3Rm, 08049
REcolorado,a0M1500000UR3Rm, 08057
REcolorado,a0M1500000UR3Rm, 08059
REcolorado,a0M1500000UR3Rm, 08079
REcolorado,a0M1500000UR3Rm,08093
REcolorado,a0M1500000UR3Rm,08105
REcolorado,a0M1500000UR3Rm,08117
REcolorado,a0M1500000UR3Rm,08107
REcolorado,a0M1500000UR3Rm,08109
RMLS,a0M1500000UR3Rq,41001
RMLS,a0M1500000UR3Rq, 41005
RMLS,a0M1500000UR3Rq, 41009
RMLS,a0M1500000UR3Rq, 41011
RMLS,a0M1500000UR3Rq, 41015
RMLS,a0M1500000UR3Rq, 41019
RMLS,a0M1500000UR3Rq, 41021
RMLS,a0M1500000UR3Rq, 41023
RMLS,a0M1500000UR3Rq, 41027
RMLS,a0M1500000UR3Rq, 41033
RMLS,a0M1500000UR3Rq, 41039
RMLS,a0M1500000UR3Rq, 41049
RMLS,a0M1500000UR3Rq, 41051
RMLS,a0M1500000UR3Rq, 41055
RMLS,a0M1500000UR3Rq, 41059
RMLS,a0M1500000UR3Rq,53039
RMLS,a0M1500000UR3Rq,53059
RMLS,a0M1500000UR3Rq,41071
RMLS,a0M1500000UR3Rq,41061
RMLS,a0M1500000UR3Rq,41063
RMLS,a0M1500000UR3Rq,41069
RMLS,a0M1500000UR3Rq,41065
RMLS,a0M1500000UR3Rq,41067
SABOR,a0M1500000UR3Rt,48013
SABOR,a0M1500000UR3Rt, 48029
SABOR,a0M1500000UR3Rt, 48163
SABOR,a0M1500000UR3Rt, 48255
SABOR,a0M1500000UR3Rt, 48259
SABOR,a0M1500000UR3Rt, 48283
SABOR,a0M1500000UR3Rt, 48311
SABOR,a0M1500000UR3Rt, 48325
SABOR,a0M1500000UR3Rt, 48495
SDMLS,a0M1500000UR38z,06073
SEFMLS,a0M1500000UR3Ry,12011
SEFMLS,a0M1500000UR3Ry, 12085
SEFMLS,a0M1500000UR3Ry, 12086
SEFMLS,a0M1500000UR3Ry, 12099
SFARMLS,a0M1500000UR3S0,06075
SmartMLS,a0M1500000Udy76,09001
SmartMLS,a0M1500000Udy76, 09003
SmartMLS,a0M1500000Udy76, 09005
SmartMLS,a0M1500000Udy76, 09007
SmartMLS,a0M1500000Udy76, 09009
SmartMLS,a0M1500000Udy76, 09011
SmartMLS,a0M1500000Udy76, 09013
SmartMLS,a0M1500000Udy76, 09015
Snake River MLS,a0M1500000UR3S5,16005
Snake River MLS,a0M1500000UR3S5, 16007
Snake River MLS,a0M1500000UR3S5, 16011
Snake River MLS,a0M1500000UR3S5, 16019
Snake River MLS,a0M1500000UR3S5, 16023
Snake River MLS,a0M1500000UR3S5, 16029
Snake River MLS,a0M1500000UR3S5, 16031
Snake River MLS,a0M1500000UR3S5, 16033
Snake River MLS,a0M1500000UR3S5, 16037
Snake River MLS,a0M1500000UR3S5, 16041
Snake River MLS,a0M1500000UR3S5, 16043
Snake River MLS,a0M1500000UR3S5, 16051
Snake River MLS,a0M1500000UR3S5, 16059
Snake River MLS,a0M1500000UR3S5, 16065
Snake River MLS,a0M1500000UR3S5, 16071
Snake River MLS,a0M1500000UR3S5,16081
Statewide MLS,a0M1500000UR3Ro,44001
Statewide MLS,a0M1500000UR3Ro, 44003
Statewide MLS,a0M1500000UR3Ro, 44005
Statewide MLS,a0M1500000UR3Ro, 44007
Statewide MLS,a0M1500000UR3Ro, 44009
Stellar,a0M1500000UR3Qo,12015
Stellar,a0M1500000UR3Qo, 12057
Stellar,a0M1500000UR3Qo, 12069
Stellar,a0M1500000UR3Qo, 12081
Stellar,a0M1500000UR3Qo, 12095
Stellar,a0M1500000UR3Qo, 12097
Stellar,a0M1500000UR3Qo, 12101
Stellar,a0M1500000UR3Qo, 12105
Stellar,a0M1500000UR3Qo, 12115
Stellar,a0M1500000UR3Qo, 12117
Stellar,a0M1500000UR3Qo, 12119
Stellar,a0M1500000UR3Qo, 12127
TriadMLS,a0M1500000Ue0zn,37001
TriadMLS,a0M1500000Ue0zn, 37033
TriadMLS,a0M1500000Ue0zn, 37057
TriadMLS,a0M1500000Ue0zn, 37059
TriadMLS,a0M1500000Ue0zn, 37067
TriadMLS,a0M1500000Ue0zn, 37081
TriadMLS,a0M1500000Ue0zn, 37151
TriadMLS,a0M1500000Ue0zn, 37157
TriadMLS,a0M1500000Ue0zn, 37169
TriadMLS,a0M1500000Ue0zn, 37171
TriadMLS,a0M1500000Ue0zn, 37193
TriadMLS,a0M1500000Ue0zn, 37197
ValleyMLS,a0M1500000UR3R9,01019
ValleyMLS,a0M1500000UR3R9, 01043
ValleyMLS,a0M1500000UR3R9, 01055
ValleyMLS,a0M1500000UR3R9, 01071
ValleyMLS,a0M1500000UR3R9, 01079
ValleyMLS,a0M1500000UR3R9, 01083
ValleyMLS,a0M1500000UR3R9, 01089
ValleyMLS,a0M1500000UR3R9, 01095
ValleyMLS,a0M1500000UR3R9, 01103
Ventura,a0M1500000UR3SP,06111
WARDEX,a0M1500000UR3SS,04012
WARDEX,a0M1500000UR3SS, 04015
WFRMLS,a0M1500000UR394,49001
WFRMLS,a0M1500000UR394, 49003
WFRMLS,a0M1500000UR394, 49005
WFRMLS,a0M1500000UR394, 49007
WFRMLS,a0M1500000UR394, 49009
WFRMLS,a0M1500000UR394, 49011
WFRMLS,a0M1500000UR394, 49013
WFRMLS,a0M1500000UR394, 49015
WFRMLS,a0M1500000UR394, 49017
WFRMLS,a0M1500000UR394, 49019
WFRMLS,a0M1500000UR394, 49021
WFRMLS,a0M1500000UR394, 49023
WFRMLS,a0M1500000UR394, 49025
WFRMLS,a0M1500000UR394, 49027
WFRMLS,a0M1500000UR394, 49029
WFRMLS,a0M1500000UR394,49043
WFRMLS,a0M1500000UR394,49047
WFRMLS,a0M1500000UR394,49051
WFRMLS,a0M1500000UR394,49049
WFRMLS,a0M1500000UR394,49045
WFRMLS,a0M1500000UR394,49041
WFRMLS,a0M1500000UR394,49053
WFRMLS,a0M1500000UR394,49031
WFRMLS,a0M1500000UR394,49033
WFRMLS,a0M1500000UR394,49055
WFRMLS,a0M1500000UR394,49057
WFRMLS,a0M1500000UR394,49039
WFRMLS,a0M1500000UR394,49035
WFRMLS,a0M1500000UR394,49037
Yes-MLS,a0M1500000UR3RD,39007
Yes-MLS,a0M1500000UR3RD, 39013
Yes-MLS,a0M1500000UR3RD, 39019
Yes-MLS,a0M1500000UR3RD, 39029
Yes-MLS,a0M1500000UR3RD, 39031
Yes-MLS,a0M1500000UR3RD, 39035
Yes-MLS,a0M1500000UR3RD, 39055
Yes-MLS,a0M1500000UR3RD, 39059
Yes-MLS,a0M1500000UR3RD, 39067
Yes-MLS,a0M1500000UR3RD, 39075
Yes-MLS,a0M1500000UR3RD, 39081
Yes-MLS,a0M1500000UR3RD, 39085
Yes-MLS,a0M1500000UR3RD, 39093
Yes-MLS,a0M1500000UR3RD, 39099
Yes-MLS,a0M1500000UR3RD, 39103
Yes-MLS,a0M1500000UR3RD,39151
Yes-MLS,a0M1500000UR3RD,39155
Yes-MLS,a0M1500000UR3RD,39167
Yes-MLS,a0M1500000UR3RD,39157
Yes-MLS,a0M1500000UR3RD,39153
Yes-MLS,a0M1500000UR3RD,39133
Yes-MLS,a0M1500000UR3RD,39169
Yes-MLS,a0M1500000UR3RD,39111
Yes-MLS,a0M1500000UR3RD,39115
Yes-MLS,a0M1500000UR3RD,54009
Yes-MLS,a0M1500000UR3RD,54029
Yes-MLS,a0M1500000UR3RD,39127
Yes-MLS,a0M1500000UR3RD,54035
Yes-MLS,a0M1500000UR3RD,39119
Yes-MLS,a0M1500000UR3RD,54105
Yes-MLS,a0M1500000UR3RD,54085
Yes-MLS,a0M1500000UR3RD,54073
Yes-MLS,a0M1500000UR3RD,54051
Yes-MLS,a0M1500000UR3RD,54107
Yes-MLS,a0M1500000UR3RD,54069
Yes-MLS,a0M1500000UR3RD,39121